Elevation,Chhis_H,Chhis_C,Diord_H,Diord_C,Necin_H,Necin_C,Nemex_H,Nemex_C,Peboy_H,Peboy_C,Peman_H,Peman_C,Penas_H,Penas_C,Pefas_H,Pefas_C,Peflave_H,Peflave_C,Peflavu_H,Peflavu_C,Remeg_H,Remeg_C,Remon_H,Remon_C,Zahud_H,Zahud_C,Zapri_H,Zapri_C,Socin_H,Socin_C,Sohoy_H,Sohoy_C,Somer_H,Somer_C,Somon_H,Somon_C,Sonan_H,Sonan_C,Sopal_H,Sopal_C,Mygap_H,Mygap_C,Milon_H,Milon_C,Mimon_H,Mimon_C,Mioch_H,Mioch_C,Mipen_H,Mipen_C,Phint_H,Phint_C,Calat_H,Calat_C,Ictri_H,Ictri_C,Mafla_H,Mafla_C,Otvar_H,Otvar_C,Scabe_H,Scabe_C,Tahud_H,Tahud_C,Tamin_H,Tamin_C,Taqua_H,Taqua_C,Taumb_H,Taumb_C,Urele_H,Urele_C,Xespi_H,Xespi_C
1400,0,0,0,0,0,0,0,0,0,0,0,0,0,0,0,0,0,0,0,0,0,0,0,0,0,0,0,0,0,0,0,0,0,0,0,0,0,0,0,0,0,0,0,0,0,0,0,0,0,0,0,0,0,0,0,0,0,0,0,0,0,0,0,0,0,0,0,0,0,0,0,0,0,0
1425,0,0,0,0,0,0,0,0,0,0,0,0,0,0,0,0,0,0,0,0,0,0,0,0,0,0,0,0,0,0,0,0,0,0,0,0,0,0,0,0,0,0,0,0,0,0,0,0,0,0,0,0,0,0,0,0,0,0,0,0,0,0,0,0,0,0,0,0,0,0,0,0,0,0
1450,0,0,0,0,0,0,0,0,0,0,0,0,0,0,0,0,0,0,0,0,0,0,0,0,0,0,0,0,0,0,0,0,0,0,0,0,0,0,0,0,0,0,0,0,0,0,0,0,0,0,0,0,0,0,0,0,0,0,0,0,0,0,0,0,0,0,0,0,0,0,0,0,0,0
1475,0,0,0,0,0,0,1,0,0,0,4,0,1,0,0,0,0,0,0,0,0,0,0,0,0,0,0,0,3,0,0,0,0,0,0,0,0,0,0,0,0,0,0,0,0,0,3,0,1,0,0,0,0,0,1,0,0,0,0,0,0,0,0,0,0,0,0,0,0,0,0,0,0,0
1500,1,0,14,0,0,0,19,0,0,0,72,2,1,0,10,0,1,0,11,0,0,0,1,0,0,0,0,0,1,0,0,0,0,0,0,0,0,0,0,0,0,0,1,0,3,1,10,0,11,4,0,0,0,0,25,0,0,0,4,0,0,0,0,0,0,0,0,0,0,0,0,0,0,0
1525,0,0,0,0,0,1,2,1,0,0,18,6,0,0,0,0,0,0,0,0,9,0,0,0,0,0,0,0,0,0,0,0,0,0,0,0,0,0,0,0,0,0,0,0,1,0,48,1,14,1,0,0,0,0,2,1,0,0,1,0,0,0,0,0,0,1,0,0,0,0,0,0,0,0
1550,0,0,0,0,0,0,4,0,0,0,26,0,7,0,0,0,0,0,0,0,0,0,0,0,3,0,0,0,0,0,0,0,0,0,0,0,0,0,0,0,0,0,0,0,0,0,13,0,7,1,0,0,0,0,4,1,0,0,2,0,0,0,0,0,0,0,0,0,0,0,0,0,0,0
1575,0,0,1,0,0,0,9,0,0,0,70,11,5,0,0,0,0,0,0,0,15,0,0,0,2,0,0,0,1,0,0,0,0,0,0,0,0,0,1,0,0,0,0,0,1,0,45,0,39,0,0,0,0,0,2,0,0,0,1,0,0,0,0,0,0,0,2,0,0,0,0,0,0,0
1600,1,0,1,0,0,1,4,0,0,0,15,3,1,0,0,0,0,0,0,0,0,0,1,0,1,0,0,0,0,0,0,0,1,0,0,0,0,0,0,0,0,0,0,0,1,0,3,0,18,0,0,0,0,0,9,0,0,0,1,0,0,0,0,0,0,1,0,0,0,0,0,0,0,0
1625,1,0,0,0,7,0,14,2,0,0,76,5,25,0,0,0,0,0,0,0,3,0,2,0,26,0,0,0,23,0,0,0,0,0,9,0,0,0,6,0,0,0,2,0,4,0,1,1,163,2,0,0,0,0,0,0,1,0,17,0,1,0,0,0,0,1,15,0,0,0,0,0,1,0
1650,0,0,0,0,0,0,7,2,0,0,18,6,54,1,0,0,0,0,0,0,2,0,0,0,0,0,0,0,0,0,0,0,1,0,0,0,1,0,0,0,0,0,8,0,0,0,5,1,4,0,0,0,0,0,0,0,0,0,1,0,0,0,0,0,0,0,0,0,0,0,0,0,0,0
1675,0,0,0,0,0,0,16,2,0,0,6,39,4,2,0,0,0,0,0,0,0,3,0,0,0,0,0,0,0,0,0,0,0,0,0,0,0,0,0,0,0,0,0,0,0,0,1,0,0,0,0,0,0,0,0,0,0,0,0,0,0,0,0,0,0,2,1,0,0,0,0,0,0,0
1700,0,0,0,0,1,0,0,51,0,5,20,181,4,33,0,0,0,0,0,0,3,36,0,0,0,0,0,0,0,0,0,0,0,1,0,0,0,0,0,0,0,0,0,1,0,0,11,1,1,0,0,0,0,0,0,0,0,0,2,1,0,1,0,0,0,2,0,1,0,0,0,0,0,0
1725,0,0,0,0,0,0,5,71,0,0,19,118,2,42,0,0,0,0,0,0,3,29,0,0,0,1,0,0,0,0,0,0,0,0,0,1,0,0,0,0,0,0,0,1,0,0,0,2,8,0,0,0,0,0,0,0,0,0,4,0,0,0,0,0,0,2,0,0,0,0,0,0,0,0
1750,0,0,3,0,0,0,3,1,0,0,16,4,8,0,0,0,0,0,0,0,1,0,0,0,0,0,0,0,0,0,0,0,1,0,0,0,0,0,0,0,0,0,0,0,0,0,0,0,0,0,0,0,1,0,0,0,1,0,0,0,3,0,1,0,0,0,0,0,0,0,0,0,0,0
1775,0,0,0,0,0,0,0,1,0,0,5,25,6,0,0,0,0,0,0,0,0,6,0,0,0,0,0,0,0,0,0,0,0,0,0,0,0,0,0,0,0,0,0,0,0,0,0,3,0,0,0,0,1,0,3,0,1,0,0,0,0,0,1,0,2,1,1,0,0,0,2,0,0,0
1800,0,0,5,0,1,0,0,8,0,0,9,17,3,0,0,0,0,0,0,0,1,7,0,0,0,0,0,0,0,0,0,0,0,0,0,0,0,0,0,0,0,0,0,1,0,5,0,0,1,0,0,0,0,0,0,0,0,0,3,0,2,0,0,0,0,0,1,0,0,0,0,0,0,0
1825,0,0,0,0,1,0,3,0,1,0,1,12,0,0,0,0,0,0,0,0,0,20,0,0,0,0,0,0,0,0,0,0,0,0,1,0,0,0,0,0,0,0,0,0,0,0,2,2,0,0,0,0,0,0,0,0,0,0,1,0,1,0,1,0,0,0,0,0,0,0,0,0,0,0
1850,0,0,0,0,0,0,0,0,0,0,0,0,0,0,0,0,0,0,0,0,0,0,0,0,0,0,0,0,2,0,0,0,0,0,1,0,0,0,0,0,0,0,0,0,0,0,0,0,0,0,0,0,0,0,0,0,0,1,0,0,0,0,1,0,0,0,0,1,0,0,0,0,0,0
1875,0,0,5,0,1,0,1,0,0,0,0,15,0,0,0,0,0,0,0,0,0,1,0,0,0,0,0,0,0,0,0,0,0,0,0,0,0,0,2,0,0,0,0,0,0,0,0,0,0,0,0,0,0,0,1,0,0,0,0,0,1,1,0,1,0,3,2,16,0,0,0,0,0,0
1900,0,0,0,0,0,0,1,5,0,0,3,24,1,1,0,0,0,0,0,0,0,0,0,0,0,0,0,0,0,0,0,0,0,0,0,1,0,0,0,0,0,0,0,0,0,0,0,1,0,0,0,0,0,0,0,0,0,0,0,0,0,2,0,0,2,3,0,6,0,0,0,0,0,0
1925,0,1,0,0,0,0,2,4,0,0,1,101,0,0,0,0,0,0,0,0,0,14,0,0,0,2,0,0,0,0,0,0,0,0,0,2,0,0,0,0,0,0,0,2,0,1,0,2,0,1,0,0,0,3,0,0,0,0,0,0,2,3,0,2,0,13,0,13,0,0,0,0,0,0
1950,0,0,0,0,0,0,1,0,0,0,0,12,1,0,0,0,0,0,0,0,0,13,0,0,0,0,0,0,0,0,0,0,0,0,0,0,0,0,0,0,0,0,0,0,0,4,0,0,0,0,0,0,0,0,0,0,0,0,0,0,1,1,0,2,0,12,0,0,0,0,0,0,0,0
1975,0,0,0,0,0,0,1,0,0,0,10,0,0,0,0,0,0,0,0,0,0,0,0,0,0,0,0,0,0,0,0,0,0,0,0,1,0,0,0,0,0,0,0,0,0,0,0,0,2,0,0,0,0,0,0,0,0,0,0,0,2,0,0,0,0,1,0,0,0,0,0,0,0,0
2000,0,0,0,0,1,0,2,0,0,0,17,0,6,0,0,0,0,0,0,0,0,0,0,0,0,2,1,0,2,0,0,0,1,0,1,0,0,0,0,0,0,0,2,0,2,0,0,0,0,0,0,0,0,0,0,0,0,0,0,0,0,0,2,0,7,0,6,0,0,0,0,0,0,0
2025,0,0,0,0,0,0,0,0,0,0,0,0,0,0,0,0,0,0,0,0,0,0,0,0,0,0,0,0,0,0,0,0,0,0,0,0,0,0,1,0,0,0,0,0,0,0,0,0,0,0,0,0,0,0,0,0,0,0,0,0,0,0,0,0,0,0,0,0,0,0,0,0,0,0
2050,0,0,0,0,0,0,1,0,0,0,21,1,9,0,0,0,0,0,0,0,5,0,0,0,0,0,0,0,0,0,0,0,0,0,0,0,0,0,0,0,0,0,0,0,0,0,0,0,0,0,0,0,0,0,1,0,0,0,0,0,0,0,0,0,0,0,3,0,0,0,0,0,0,0
2075,0,0,0,0,1,0,0,0,0,0,6,26,0,0,0,0,0,0,0,0,1,6,0,0,0,0,0,0,0,0,0,0,0,0,0,0,0,0,0,0,0,0,2,0,1,8,0,3,0,0,0,0,0,0,0,0,0,0,1,0,0,0,0,0,0,0,0,1,0,0,0,0,0,0
2100,0,0,0,0,0,0,3,0,0,0,8,54,1,0,0,0,0,0,0,0,0,7,0,0,0,0,0,0,0,0,0,0,0,0,0,1,0,0,0,0,0,0,0,2,0,9,0,5,0,0,0,0,0,1,0,0,3,0,1,0,1,0,0,0,3,1,0,1,0,0,0,0,0,0
2125,0,0,0,0,0,0,2,1,0,0,23,120,7,1,0,0,0,0,0,0,0,11,0,0,0,1,2,0,0,0,0,0,0,0,0,1,0,0,0,0,0,0,2,14,0,0,0,2,0,0,0,0,1,1,0,0,1,0,2,0,1,0,3,0,15,1,1,0,1,0,0,0,0,0
2150,0,0,0,0,1,0,1,5,0,0,1,45,2,1,0,0,0,0,0,0,0,2,0,0,0,0,0,0,0,0,0,0,0,0,0,1,0,1,0,0,0,0,0,20,0,1,0,1,0,0,0,0,0,0,0,0,0,0,0,0,0,0,0,1,2,4,0,3,0,0,1,0,0,0
2175,0,0,0,0,0,0,0,4,0,0,19,97,0,0,0,0,1,0,0,0,0,0,0,0,0,0,0,0,0,0,0,0,0,0,0,2,0,1,2,0,0,0,0,6,4,2,0,2,0,0,0,0,1,0,0,0,0,0,0,0,0,0,5,15,1,22,0,12,0,0,2,0,0,0
2200,0,0,0,0,0,0,0,0,0,0,2,151,0,0,0,0,0,0,0,0,0,9,0,0,0,0,3,0,0,0,0,0,0,0,0,0,0,0,0,0,0,0,1,1,7,0,1,1,0,0,0,0,0,2,0,0,0,0,0,0,1,1,4,1,0,16,0,2,0,0,0,0,0,0
2225,0,0,0,0,0,0,0,0,0,0,0,101,0,0,0,0,0,0,0,0,0,5,0,0,0,0,0,0,0,0,0,0,0,1,0,0,1,0,0,0,0,0,0,0,0,0,0,3,0,0,0,0,0,1,0,0,0,0,0,0,0,0,2,2,0,3,0,3,1,0,0,0,0,0
2250,0,0,0,0,1,0,1,0,0,0,2,0,0,0,0,0,0,0,0,0,0,0,0,0,0,0,0,0,0,0,0,0,0,0,0,0,0,0,0,0,0,0,0,0,0,0,0,0,0,0,0,0,2,0,0,0,0,0,0,0,0,0,1,1,1,0,1,0,0,0,0,0,0,0
2275,0,0,0,0,4,0,0,0,0,0,4,0,0,0,0,0,0,0,0,0,0,0,0,0,0,0,0,0,0,0,0,0,0,0,0,0,0,0,0,0,0,0,4,0,1,0,0,0,0,0,0,0,0,1,0,0,0,0,0,0,1,0,6,0,1,0,0,0,1,0,0,0,0,0
2300,0,0,0,0,9,0,0,0,0,0,70,0,0,0,0,0,0,0,0,0,0,0,0,0,0,0,0,0,0,0,0,0,0,0,1,0,1,0,0,0,0,0,2,0,1,0,0,0,0,0,0,0,23,1,0,0,2,0,0,0,4,0,8,0,51,1,4,0,15,0,0,0,0,0
2325,0,0,0,0,2,0,0,0,0,0,7,0,1,0,0,0,0,0,0,0,0,0,0,0,0,0,3,0,0,0,0,0,0,0,4,0,0,0,0,0,0,0,5,0,0,0,0,0,0,0,0,0,7,0,0,0,4,0,0,0,0,1,1,0,5,2,0,0,2,2,0,0,0,0
2350,0,0,0,0,0,0,0,0,0,0,0,0,0,0,0,0,0,0,0,0,0,0,0,0,0,0,0,0,0,0,0,0,0,0,0,0,0,0,2,0,0,0,0,0,0,0,0,0,0,0,0,0,0,0,0,0,0,0,0,0,0,0,0,7,0,1,0,0,0,0,2,0,0,0
2375,0,0,0,0,1,0,0,0,0,0,1,7,2,0,0,0,0,0,0,0,0,0,0,0,0,0,0,0,0,0,0,0,0,0,0,1,0,0,0,0,0,0,0,0,0,0,0,0,0,0,0,0,0,0,0,0,0,0,0,0,0,0,0,1,7,0,0,0,0,0,0,5,0,0
2400,0,0,0,0,0,0,0,0,0,0,1,46,0,0,0,0,0,0,0,0,0,0,0,0,0,0,0,14,0,0,0,0,0,0,0,5,0,0,0,0,0,0,0,3,1,0,0,0,0,0,0,0,2,1,0,0,0,0,0,0,0,0,5,3,1,0,0,0,1,1,17,0,0,0
2425,0,0,0,0,0,0,0,0,0,0,3,53,0,0,0,0,0,0,0,0,0,0,0,0,0,0,0,6,0,0,0,0,0,0,0,3,0,0,0,0,0,0,1,1,0,0,0,0,0,0,0,0,5,2,0,0,0,0,0,0,2,0,3,5,3,7,0,0,0,17,0,4,0,0
2450,0,0,0,0,0,0,0,0,0,0,0,0,0,0,0,0,0,0,0,0,0,0,0,0,0,0,2,0,0,0,0,0,0,0,0,4,0,0,0,0,0,0,0,0,0,0,0,0,0,0,0,0,5,3,0,0,0,0,0,0,0,0,2,5,0,3,0,0,0,0,0,0,0,0
2475,0,0,0,0,0,0,0,0,0,0,0,0,0,0,0,0,0,0,0,0,0,0,0,0,0,0,0,0,0,0,0,0,0,0,0,0,0,0,1,0,0,0,0,0,0,0,0,0,0,0,0,0,1,1,0,0,0,0,0,0,1,0,5,0,17,1,0,0,2,1,0,0,0,0
2500,0,0,0,0,2,0,1,0,0,0,48,0,0,0,0,0,0,0,0,0,0,0,0,0,0,0,3,0,1,0,0,0,0,0,16,0,0,0,9,0,7,0,8,0,48,0,0,0,0,0,0,0,5,1,0,0,0,0,0,0,0,0,12,1,4,0,0,0,0,0,1,0,0,0
2525,0,0,0,0,8,0,21,0,0,0,21,0,9,0,0,0,0,0,0,0,0,0,0,0,0,0,2,0,0,0,0,0,0,0,0,0,0,0,3,0,3,0,3,0,0,0,0,0,0,0,0,0,10,0,0,0,0,0,0,0,3,0,5,0,25,0,1,0,15,0,10,0,0,0
2550,0,0,0,0,3,0,0,0,0,0,33,0,7,0,0,0,0,0,0,0,0,0,0,0,0,0,15,0,0,0,0,0,0,0,7,0,0,0,0,0,5,0,5,0,8,1,0,0,0,0,0,0,1,0,0,0,0,0,0,0,1,0,1,0,0,0,0,0,1,0,0,0,0,0
2575,0,0,0,0,0,0,0,0,0,0,35,3,0,0,0,0,0,0,0,0,0,0,0,0,0,0,4,0,2,0,0,0,0,0,2,0,0,0,3,0,2,0,3,0,9,0,0,0,0,0,0,0,8,2,0,0,0,0,0,0,2,0,3,0,20,3,0,0,2,0,12,0,0,0
2600,0,0,0,0,0,0,0,0,0,0,0,0,0,0,0,0,0,0,0,0,0,0,0,0,0,0,0,0,0,0,0,0,0,0,0,3,0,0,0,0,0,1,0,0,0,0,0,0,0,0,0,0,0,2,0,0,0,0,0,0,1,0,2,0,0,7,0,0,0,0,0,0,0,0
2625,0,0,0,0,0,0,0,0,0,0,4,33,0,0,0,0,0,0,0,0,0,0,0,0,0,0,0,0,3,0,14,0,0,0,4,1,0,0,1,0,0,1,0,0,4,1,0,0,0,0,0,0,0,1,0,0,1,0,0,0,1,0,4,0,0,4,0,0,3,2,0,0,0,0
2650,0,0,0,0,2,1,0,0,0,0,4,5,0,0,0,0,0,0,0,0,0,0,0,0,0,0,3,2,1,0,0,0,0,0,0,0,0,0,0,0,3,0,1,0,13,0,0,0,0,0,0,0,2,2,0,0,0,0,0,0,0,2,0,3,6,0,1,1,0,2,0,0,0,0
2675,0,0,0,0,1,0,0,0,0,0,0,18,0,0,0,0,0,0,0,0,0,0,0,0,0,0,0,0,0,0,0,0,0,0,0,1,0,0,0,0,0,2,0,1,0,1,0,0,0,0,0,0,0,2,0,0,0,0,0,0,0,0,1,1,1,0,1,0,0,0,5,0,0,0
2700,0,0,0,0,0,2,0,0,0,0,2,49,0,0,0,0,0,0,0,0,0,0,0,0,0,0,0,0,0,0,0,0,0,0,0,6,0,2,0,0,1,2,6,1,0,1,0,0,0,0,0,1,2,16,0,0,0,0,0,0,0,0,1,14,1,23,0,0,0,2,0,0,0,0
2725,0,0,0,0,3,0,0,0,0,0,28,42,0,0,0,0,0,0,0,0,0,0,0,0,0,0,5,0,0,0,0,0,0,0,5,0,0,0,2,0,11,0,15,0,7,0,0,0,0,0,2,0,12,8,0,0,2,0,0,0,0,0,8,6,10,13,5,0,5,0,0,0,0,0
2750,0,0,0,0,0,0,0,0,0,0,3,49,0,0,0,0,0,0,0,0,0,0,0,0,0,0,1,0,0,0,0,0,0,0,0,0,0,0,0,0,2,5,0,0,0,0,0,0,0,0,1,0,3,2,0,0,0,0,0,0,0,0,5,0,4,8,1,0,1,1,0,0,0,0
2775,0,0,0,0,0,0,0,0,0,0,14,0,0,0,0,0,0,0,0,0,0,0,0,0,0,0,0,0,0,2,0,0,0,0,0,9,0,0,0,1,1,0,0,0,3,0,0,0,0,0,0,0,3,0,0,0,0,0,0,0,0,0,4,0,1,0,3,0,0,0,0,0,0,0
2800,0,0,0,0,1,0,0,0,0,0,12,26,0,0,0,0,0,0,0,0,0,0,0,0,0,0,19,13,19,9,0,1,0,0,3,6,0,0,21,0,9,5,6,1,0,15,0,0,0,0,0,0,3,21,0,0,0,0,0,0,0,0,14,12,10,15,0,0,5,5,0,0,0,0
2825,0,0,0,0,1,3,0,0,0,0,3,6,0,0,0,0,0,0,0,0,0,0,0,0,0,0,0,5,0,1,0,0,0,0,0,1,0,0,0,0,0,0,0,0,0,1,0,0,0,0,0,0,2,5,0,0,0,0,0,0,0,0,2,7,2,9,0,0,1,2,0,0,0,0
2850,0,0,0,0,7,1,0,0,0,0,1,22,0,0,0,0,0,0,0,0,0,0,0,0,0,0,0,0,0,0,0,0,0,0,0,0,0,0,0,2,1,0,1,1,0,0,0,0,0,0,0,0,11,2,0,0,0,0,0,0,0,0,4,5,7,3,0,0,3,4,0,0,0,0
2875,0,0,0,0,2,0,0,0,0,0,63,14,0,0,0,0,0,0,0,0,0,0,0,0,0,0,5,0,6,0,0,0,0,0,12,0,0,0,2,0,14,0,4,0,0,0,0,0,0,0,5,0,5,0,0,0,0,0,0,0,0,0,1,5,12,1,0,0,2,0,0,0,0,0
2900,0,0,0,0,0,0,0,0,0,0,2,10,0,0,0,0,0,0,0,0,0,0,0,0,0,0,1,1,0,0,0,0,0,0,0,1,0,0,0,0,0,3,1,0,0,0,0,0,0,0,0,0,0,2,0,0,0,0,0,0,0,0,0,4,0,8,0,0,0,0,0,0,0,0
2925,0,0,0,0,0,0,0,0,0,0,0,4,0,0,0,0,0,0,0,0,0,0,0,0,0,0,0,0,0,0,8,0,0,0,0,0,0,0,0,0,0,1,0,0,0,0,0,0,0,0,0,0,0,0,0,0,0,0,0,0,0,0,0,1,0,1,0,0,0,4,0,0,0,0
2950,0,0,0,0,0,0,0,0,0,0,2,16,0,0,0,0,0,0,0,0,0,0,0,0,0,0,0,11,2,3,0,4,0,0,0,3,0,0,0,0,0,0,1,0,3,0,0,0,0,0,0,1,0,0,0,0,0,0,0,0,0,0,0,1,5,12,0,0,0,0,0,0,0,0
2975,0,0,0,0,0,0,0,0,0,0,5,3,0,0,0,0,0,0,0,0,0,0,0,0,0,0,0,0,0,0,0,0,0,0,1,1,0,0,0,0,0,0,0,0,3,0,0,0,0,0,0,0,0,0,0,0,0,0,0,0,0,0,0,1,1,0,0,0,0,0,0,0,0,0
3000,0,0,0,0,0,0,0,0,0,0,0,0,0,0,0,0,0,0,0,0,0,0,0,0,0,0,0,5,0,5,0,0,0,0,0,4,0,0,0,0,0,0,0,2,0,2,0,0,0,0,0,0,0,0,0,0,0,0,0,0,0,0,1,0,0,3,0,0,0,0,0,0,0,0
3025,0,0,0,0,2,0,0,0,0,0,10,17,0,0,0,0,0,0,0,0,0,0,0,0,0,0,3,9,1,17,0,3,0,0,0,11,0,1,0,0,2,2,1,1,0,1,0,0,0,0,0,0,1,0,0,0,2,0,0,0,0,0,6,4,3,1,0,0,3,0,0,0,0,0
3050,0,0,0,0,0,0,0,0,0,0,0,0,0,0,0,0,0,0,0,0,0,0,0,0,0,0,0,4,0,0,0,0,0,0,0,0,0,0,0,0,0,3,0,0,0,0,0,0,0,0,0,1,0,0,0,0,0,0,0,0,0,0,0,2,0,4,0,0,0,2,0,0,0,0
3075,0,0,0,0,0,0,0,0,0,0,0,7,0,0,0,0,0,0,0,0,0,0,0,0,0,0,0,4,0,6,0,2,0,0,0,3,0,0,0,0,0,2,0,2,0,3,0,0,0,0,0,3,0,3,0,0,0,0,0,0,0,0,1,4,2,8,0,0,0,0,0,0,0,0
3100,0,0,0,0,0,0,0,0,0,0,1,11,0,0,0,0,0,0,0,0,0,0,0,0,0,0,0,14,6,11,0,1,0,0,9,7,0,1,0,0,20,0,0,4,0,0,0,0,0,0,0,6,1,1,0,0,0,0,0,0,0,0,0,2,2,21,0,0,0,0,0,0,0,0
3125,0,0,0,0,0,0,0,0,0,0,2,13,0,0,0,0,0,0,0,0,0,0,0,0,0,0,0,1,1,3,0,1,0,0,5,0,0,0,0,0,0,0,0,0,1,0,0,0,0,0,1,0,0,0,0,0,3,0,0,0,0,0,2,3,8,19,0,0,0,0,0,0,0,0
3150,0,0,0,0,0,0,0,0,0,0,0,0,0,0,0,0,0,0,0,0,0,0,0,0,0,0,0,0,0,0,0,0,0,0,0,0,0,0,0,0,0,0,0,0,0,0,0,0,0,0,0,0,0,0,0,0,0,0,0,0,0,0,0,0,0,0,0,0,0,0,0,0,0,0
3175,0,0,0,0,0,0,0,0,0,0,0,12,0,0,0,0,0,0,0,0,0,0,0,0,0,0,0,0,0,0,0,0,0,0,0,0,0,0,0,0,0,26,0,0,0,0,0,0,0,0,0,1,0,0,0,0,0,0,0,0,0,0,0,0,1,9,0,0,0,1,0,0,0,0
3200,0,0,0,0,0,0,0,0,0,0,0,4,0,0,0,0,0,0,0,0,0,0,0,0,0,0,0,0,0,0,0,0,0,0,0,0,0,0,0,0,0,3,0,0,0,0,0,0,0,0,0,0,0,0,0,0,0,0,0,0,0,0,0,0,5,6,0,0,1,0,0,0,0,0
3225,0,0,0,0,0,0,0,0,0,0,0,0,0,0,0,0,0,0,0,0,0,0,0,0,0,0,0,0,0,0,0,0,0,0,0,0,0,0,0,0,0,0,1,0,0,0,0,0,0,0,1,0,2,0,0,0,0,0,0,0,0,0,1,0,0,0,0,0,0,0,0,0,0,0
3250,0,0,0,0,0,0,0,0,0,0,4,2,0,0,0,0,0,0,0,0,0,0,0,0,0,0,9,0,0,0,0,0,0,0,15,0,0,0,1,0,15,1,1,0,0,0,0,0,0,0,3,0,2,0,0,0,2,0,0,0,0,0,0,2,16,10,0,0,1,0,0,0,0,0
3275,0,0,0,0,0,0,0,0,0,0,2,0,0,0,0,0,0,0,0,0,0,0,0,0,0,0,0,0,0,0,0,0,0,0,1,1,0,0,1,0,0,0,0,0,0,0,0,0,0,0,0,0,0,0,0,0,0,0,0,0,0,0,0,0,0,1,0,0,0,0,0,0,0,0
3300,0,0,0,0,0,0,0,0,0,0,1,0,0,0,0,0,0,0,0,0,0,0,0,0,0,0,0,0,0,1,0,1,0,0,0,5,0,1,3,0,0,2,0,0,0,0,0,0,0,0,1,0,2,3,0,0,1,0,0,0,0,0,0,1,8,5,0,0,1,0,0,0,0,0
3325,0,0,0,0,0,0,0,0,0,0,0,3,0,0,0,0,0,0,0,0,0,0,0,0,0,0,0,0,0,0,0,1,0,0,0,0,0,0,0,0,0,0,0,0,0,0,0,0,0,0,0,1,0,3,0,0,1,0,0,0,0,0,0,0,0,7,0,0,0,2,0,0,0,0
3350,0,0,0,0,1,0,0,0,0,0,32,21,0,0,0,0,0,0,0,0,0,0,0,0,0,0,0,0,3,0,0,0,0,0,2,0,0,1,0,0,6,0,10,0,0,1,0,0,0,0,0,2,7,5,0,0,2,2,0,0,0,0,5,3,15,77,0,0,9,3,0,0,0,0
3375,0,0,0,0,0,0,0,0,0,0,1,24,0,0,0,0,0,0,0,0,0,0,0,0,0,0,0,0,0,0,0,0,0,0,0,0,0,0,0,0,0,0,0,0,0,0,0,0,0,0,1,2,2,2,0,0,2,0,0,0,0,0,2,1,2,48,0,0,0,8,0,0,0,0
3400,0,0,0,0,0,0,0,0,0,0,17,1,0,0,0,0,0,0,0,0,0,0,0,0,0,0,0,0,0,0,0,0,0,0,0,0,0,0,0,0,0,0,0,0,1,0,0,0,0,0,0,0,0,0,0,0,1,0,0,0,0,0,1,0,0,2,0,0,1,0,0,0,0,0
3425,0,0,0,0,0,0,0,0,0,0,0,12,0,0,0,0,0,0,0,0,0,0,0,0,0,0,0,0,0,2,0,2,0,0,0,4,0,2,0,0,0,0,0,0,0,0,0,0,0,0,0,3,0,1,0,0,0,0,0,0,0,0,0,0,0,3,0,0,0,0,0,0,0,0
3450,0,0,0,0,0,0,0,0,0,0,0,1,0,0,0,0,0,0,0,0,0,0,0,0,0,0,0,0,0,3,0,0,0,0,0,1,0,4,0,0,0,0,0,0,0,0,0,0,0,0,1,1,0,0,0,0,0,0,0,0,0,0,0,0,1,1,0,0,0,0,0,0,0,0
3475,0,0,0,0,0,0,0,0,0,0,0,69,0,0,0,0,0,0,0,0,0,0,0,0,0,0,0,0,0,0,0,0,0,0,2,4,0,2,0,0,0,0,0,0,0,1,0,0,0,0,0,7,0,0,0,0,0,0,0,0,0,0,1,0,0,9,0,0,0,0,0,0,0,0
3500,0,0,0,0,0,0,0,0,0,0,0,7,0,0,0,0,0,0,0,0,0,0,0,0,0,0,0,0,0,0,0,0,0,0,1,0,0,0,0,0,0,0,0,0,0,1,0,0,0,0,0,1,0,1,0,0,0,0,0,0,0,0,0,0,0,0,0,0,0,0,0,0,0,0
3525,0,0,0,0,0,0,0,0,0,0,0,0,0,0,0,0,0,0,0,0,0,0,0,0,0,0,0,0,0,0,0,0,0,0,0,0,0,0,0,0,0,0,0,0,2,1,0,0,0,0,0,0,0,0,0,0,0,0,0,0,0,0,0,0,0,0,0,0,0,0,0,0,0,0
3550,0,0,0,0,0,0,0,0,0,0,0,0,0,0,0,0,0,0,0,0,0,0,0,0,0,0,0,0,0,0,0,0,0,0,0,0,0,0,0,0,0,0,0,0,0,0,0,0,0,0,0,0,0,0,0,0,1,0,0,0,0,0,0,0,0,0,0,0,0,0,0,0,0,0
3575,0,0,0,0,0,0,0,0,0,0,1,0,0,0,0,0,0,0,0,0,0,0,0,0,0,0,0,0,0,0,0,0,0,0,0,0,0,0,0,0,0,0,0,0,0,0,0,0,0,0,2,0,0,0,0,0,0,1,0,0,0,0,0,0,0,0,0,0,0,0,0,0,0,0
3600,0,0,0,0,0,0,0,0,0,0,0,21,0,0,0,0,0,0,0,0,0,0,0,0,0,0,0,0,0,0,0,0,0,0,0,0,0,0,0,0,0,0,0,1,0,0,0,0,0,0,0,0,0,0,0,0,0,4,0,0,0,0,0,0,2,0,0,0,0,0,0,0,0,0
3625,0,0,0,0,0,0,0,0,0,0,0,38,0,0,0,0,0,0,0,0,0,0,0,0,0,0,0,0,0,0,0,0,0,0,0,0,0,0,0,0,0,0,0,0,0,0,0,0,0,0,0,3,0,0,0,0,0,11,0,0,0,0,0,0,0,0,0,0,0,0,0,0,0,0
3650,0,0,0,0,0,0,0,0,0,0,0,89,0,0,0,0,0,0,0,0,0,0,0,0,0,0,0,0,0,0,0,0,0,0,0,0,1,1,0,0,0,0,0,0,0,0,0,0,0,0,1,3,0,0,0,0,0,8,0,0,0,0,0,0,0,0,0,0,0,0,0,0,0,0
3675,0,0,0,0,0,0,0,0,0,0,0,4,0,0,0,0,0,0,0,0,0,0,0,0,0,0,0,0,0,0,0,0,0,0,0,0,0,0,0,0,0,0,0,0,0,0,0,0,0,0,0,0,0,0,0,0,1,2,0,0,0,0,0,0,0,0,0,0,0,0,0,0,0,0
3700,0,0,0,0,0,0,0,0,0,0,0,7,0,0,0,0,0,0,0,0,0,0,0,0,0,0,0,0,0,0,0,0,0,0,0,0,0,0,0,0,0,0,0,0,0,0,0,0,0,0,0,1,0,0,0,0,0,1,0,0,0,0,0,0,0,0,0,0,0,0,0,0,0,0
3725,0,0,0,0,0,0,0,0,0,0,0,4,0,0,0,0,0,0,0,0,0,0,0,0,0,0,0,0,0,0,0,0,0,0,0,0,0,0,0,0,0,0,0,0,0,1,0,0,0,0,0,0,0,0,0,0,0,5,0,0,0,0,0,0,0,0,0,0,0,0,0,0,0,0
3750,0,0,0,0,0,0,0,0,0,0,0,0,0,0,0,0,0,0,0,0,0,0,0,0,0,0,0,0,0,0,0,0,0,0,0,0,0,0,0,0,0,0,0,0,0,0,0,0,0,0,0,0,0,0,0,0,0,0,0,0,0,0,0,0,0,0,0,0,0,0,0,0,0,0
3775,0,0,0,0,0,0,0,0,0,0,0,0,0,0,0,0,0,0,0,0,0,0,0,0,0,0,0,0,0,0,0,0,0,0,0,0,0,0,0,0,0,0,0,0,0,0,0,0,0,0,0,0,0,0,0,0,0,0,0,0,0,0,0,0,0,0,0,0,0,0,0,0,0,0
